timestamp,age,status,domicile,income,expense,flew_2y,flights_12m,trip_purpose,choice_factors,booking_channels,reasons_not_premium,wtp_premium,worth_it_benefits,L01_pay_more_if_value_clear,L02_value_over_cheapest,L03_premium_end_to_end,L04_app_ease_matters,L05_realtime_info,L06_easy_checkin_boarding,L07_inflight_internet,L08_personalised_experience,L09_entertainment,L10_food_quality,L11_cultural_touch,L12_cabin_crew_service,L13_proactive_staff,L14_peace_of_mind,L15_loyalty_points,L16_travel_based_rewards,L17_repeat_after_good_exp,next_airline,garuda_stay_reasons,open_improve_general,open_improve_garuda,income_mid,expense_mid,income_tier,flights_num,flyer_segment,wtp_num,wtp_group,airline_group,considers_garuda,garuda_group,theme_Value orientation,theme_Digital & convenience,theme_In-flight experience,theme_Service & peace of mind,theme_Loyalty & repeat,intent_group,cluster,persona
2026-09-08 13:56:38,21–23,University student,Jabodetabek,< Rp2M,< Rp2M,Yes,0,"Liburan / leisure, Mengunjungi keluarga atau teman, Perjalanan internasional","Harga tiket, Jadwal penerbangan, Ketepatan waktu","Traveloka, Aplikasi maskapai","Selisih harga terlalu besar, Maskapai lebih murah sudah cukup nyaman, Jadwal maskapai lain lebih sesuai",Up to 5% more,"Bagasi lebih besar, Reschedule lebih fleksibel, Kursi lebih nyaman, Makanan/minuman berkualitas, Wi-Fi selama penerbangan, Entertainment yang lebih lengkap",4,3,5,5,5,5,5,5,5,5,5,5,5,5,5,5,5.0,Garuda Indonesia,"Pelayanan, Kenyamanan, Makanan/minuman, Wi-Fi/entertainment, Loyalty/rewards","Jujurr kalo bisa, aku sebagai penumpang pesawat penasaran banget sama ruangan pilot dan apa pemandangan yang diliat pilot, jadi kalo memungkinkan pengalaman yang seperti ini mungkin menarik banget untuk dikembangkan.",Tentunya fasilitasnya dilengkapkan dan dipastikan pengguna dapat mengakses dengan mudah tanpa terkendala.,1.0,1.0,Low (< Rp2M),0.0,Non-flyer (0),5.0,Up to 5%,Garuda Indonesia,True,True,4.0,5.0,5.0,5.0,5.0,Considers Garuda,2,Experience Enthusiasts
2026-09-09 10:36:13,18–20,University student,Jabodetabek,,Rp6–10M,Yes,4–6,"Liburan / leisure, Mengunjungi keluarga atau teman, Pekerjaan / business trip","Harga tiket, Ketepatan waktu, Keamanan, Kenyamanan kursi/kabin, Pelayanan cabin crew","Traveloka, Tiket.com, Google / Google Flights","Selisih harga terlalu besar, Maskapai lebih murah sudah cukup nyaman, Promo maskapai lain lebih menarik",Depends on benefit & trip,"Ketepatan waktu lebih baik, Kursi lebih nyaman, Makanan/minuman berkualitas, Pelayanan cabin crew yang lebih baik, Pengalaman yang lebih personal",5,5,5,4,3,5,2,4,5,5,5,5,5,5,3,3,5.0,Garuda Indonesia,"Ketepatan waktu, Keamanan dan reputasi, Pelayanan, Kenyamanan",-,-,,8.0,,5.0,Frequent (4+),,Conditional,Garuda Indonesia,True,True,5.0,3.5,4.75,5.0,3.6666666666666665,Considers Garuda,2,Experience Enthusiasts
2026-09-09 10:36:20,18–20,University student,Jabodetabek,Rp4–6M,< Rp2M,Yes,1,"Liburan / leisure, Kenyamanan, Tidak ada alternatif transportasi yang lebih praktis","Harga tiket, Jadwal penerbangan, Ketepatan waktu, Reputasi maskapai, Kenyamanan kursi/kabin","Traveloka, Tiket.com, Online Travel Agent lainnya","Selisih harga terlalu besar, Benefit premium tidak terlalu saya butuhkan, Maskapai lebih murah sudah cukup nyaman",Up to 5% more,"Reschedule lebih fleksibel, Kursi lebih nyaman, Makanan/minuman berkualitas, Pelayanan cabin crew yang lebih baik, Wi-Fi selama penerbangan",5,5,5,4,5,5,5,5,4,5,3,5,5,5,3,4,5.0,Garuda Indonesia,"Ketepatan waktu, Keamanan dan reputasi, Pelayanan, Bagasi, Fleksibilitas, Kenyamanan, Makanan/minuman, Wi-Fi/entertainment",Kenyamanan para penumpang masih kurang diperhatikan menurut saya,Ditingkatkan lagi sikap pramugari pramugara agar lebih proaktif dan tingkatkan experience bagi para penumpang agar lebih terkenang,5.0,1.0,Mid (Rp2–6M),1.0,Occasional (1),5.0,Up to 5%,Garuda Indonesia,True,True,5.0,4.75,4.25,5.0,4.0,Considers Garuda,2,Experience Enthusiasts
2026-09-09 10:37:17,18–20,University student,Jabodetabek,Rp2–4M,Rp2–4M,Yes,1,"Liburan / leisure, Mengunjungi keluarga atau teman, Pulang Kampung","Harga tiket, Jadwal penerbangan, Reputasi maskapai","Traveloka, Tiket.com, Website maskapai","Selisih harga terlalu besar, Maskapai lebih murah sudah cukup nyaman, Jadwal maskapai lain lebih sesuai",Depends on benefit & trip,"Reschedule lebih fleksibel, Makanan/minuman berkualitas, Pelayanan cabin crew yang lebih baik, Wi-Fi selama penerbangan, Loyalty rewards",4,4,5,4,5,5,4,5,5,4,3,4,4,3,4,4,4.0,Garuda Indonesia,"Ketepatan waktu, Keamanan dan reputasi, Kenyamanan, Makanan/minuman, Wi-Fi/entertainment, Loyalty/rewards",,,3.0,3.0,Mid (Rp2–6M),1.0,Occasional (1),,Conditional,Garuda Indonesia,True,True,4.333333333333333,4.5,4.25,3.6666666666666665,4.0,Considers Garuda,1,Pragmatic Budget Flyers
2026-09-09 10:39:04,18–20,University student,Jabodetabek,Rp2–4M,Rp2–4M,No,0,"Liburan / leisure, Menghemat waktu perjalanan, Tidak ada alternatif transportasi yang lebih praktis","Harga tiket, Jadwal penerbangan, Ketepatan waktu, Reputasi maskapai, Promo","Traveloka, Tiket.com, Social media","Selisih harga terlalu besar, Jadwal maskapai lain lebih sesuai, Promo maskapai lain lebih menarik",Depends on benefit & trip,"Ketepatan waktu lebih baik, Kursi lebih nyaman, Pelayanan cabin crew yang lebih baik, Entertainment yang lebih lengkap, Loyalty rewards",4,4,5,5,4,4,5,5,5,4,5,5,5,5,3,4,4.0,Garuda Indonesia,"Ketepatan waktu, Keamanan dan reputasi, Pelayanan, Kenyamanan, Makanan/minuman",-,-,3.0,3.0,Mid (Rp2–6M),0.0,Non-flyer (0),,Conditional,Garuda Indonesia,True,True,4.333333333333333,4.5,4.75,5.0,3.6666666666666665,Considers Garuda,2,Experience Enthusiasts
2026-09-09 10:42:06,> 35,University student,Jabodetabek,Rp15–20M,< Rp2M,Yes,7–10,"Liburan / leisure, Pekerjaan / business trip, Menghemat waktu perjalanan","Harga tiket, Jadwal penerbangan, Kenyamanan kursi/kabin, Loyalty points / rewards, Promo","Traveloka, Website maskapai, Online Travel Agent lainnya","Benefit premium tidak terlalu saya butuhkan, Maskapai lebih murah sudah cukup nyaman, Tidak ada perbedaan pengalaman yang terasa",Depends on benefit & trip,"Kursi lebih nyaman, Makanan/minuman berkualitas, Wi-Fi selama penerbangan, Loyalty rewards, Pengalaman yang lebih personal",5,5,5,5,5,5,3,3,4,5,3,4,4,5,5,5,4.0,Garuda Indonesia,"Ketepatan waktu, Keamanan dan reputasi, Kenyamanan, Makanan/minuman, Loyalty/rewards",Dari segi harga. Jauh lebih mahal dalam negeri daripada keluar negeri,Tidak ada. Sudah sangat bagus,17.5,1.0,High (> Rp6M),8.5,Frequent (4+),,Conditional,Garuda Indonesia,True,True,5.0,4.5,3.75,4.333333333333333,4.666666666666667,Considers Garuda,0,Affluent Jet-Setters
2026-09-09 10:44:03,18–20,University student,Jabodetabek,< Rp2M,Rp2–4M,Yes,2–3,Pulang Kampung,"Harga tiket, Jadwal penerbangan, Reputasi maskapai",Traveloka,Benefit premium tidak terlalu saya butuhkan,Depends on benefit & trip,"Bagasi lebih besar, Reschedule lebih fleksibel, Ketepatan waktu lebih baik, Wi-Fi selama penerbangan, Loyalty rewards",3,3,5,4,4,4,4,4,4,5,4,5,5,5,5,5,4.0,Garuda Indonesia,"Keamanan dan reputasi, Pelayanan, Kenyamanan, Makanan/minuman, Digital experience","Sediain cemilan di perjalanan klo boleh, seperti permen atau cemilan ringan lainnya",Boleh nambah makanan sama cemilannya 🙏 atau porsi makannya di perbanyak 🙏,1.0,3.0,Low (< Rp2M),2.5,Regular (2–3),,Conditional,Garuda Indonesia,True,True,3.6666666666666665,4.0,4.25,5.0,4.666666666666667,Considers Garuda,2,Experience Enthusiasts
2026-09-09 10:55:07,18–20,University student,Jabodetabek,Rp2–4M,< Rp2M,Yes,2–3,"Mengunjungi keluarga atau teman, Kuliah / pendidikan, Pulang Kampung","Harga tiket, Jadwal penerbangan, Reputasi maskapai, Bagasi, Fleksibilitas reschedule/refund","Tiket.com, Google / Google Flights","Selisih harga terlalu besar, Tidak memahami manfaat tambahannya, Jadwal maskapai lain lebih sesuai",Depends on benefit & trip,"Bagasi lebih besar, Ketepatan waktu lebih baik, Kursi lebih nyaman, Informasi perjalanan real-time, Pelayanan Costumer service ",5,5,5,5,5,5,3,5,5,5,4,5,5,5,5,5,5.0,Transnusa,"Ketepatan waktu, Pelayanan, Bagasi, Fleksibilitas, Kenyamanan",Fast response,Price,3.0,1.0,Mid (Rp2–6M),2.5,Regular (2–3),,Conditional,Domestic LCC / hybrid,False,False,5.0,4.5,4.75,5.0,5.0,Considers LCC / hybrid,2,Experience Enthusiasts
2026-09-09 10:55:50,18–20,University student,Bandung,Rp4–6M,Rp2–4M,Yes,2–3,"Liburan / leisure, Mengunjungi keluarga atau teman, Menghemat waktu perjalanan","Harga tiket, Ketepatan waktu, Reputasi maskapai, Pelayanan cabin crew, Wi-Fi / entertainment","Traveloka, Website maskapai, Aplikasi maskapai","Selisih harga terlalu besar, Jadwal maskapai lain lebih sesuai",Depends on benefit & trip,"Bagasi lebih besar, Ketepatan waktu lebih baik, Pelayanan cabin crew yang lebih baik, Wi-Fi selama penerbangan, Entertainment yang lebih lengkap",5,5,4,5,4,5,5,4,5,5,5,5,4,5,4,4,5.0,Garuda Indonesia,"Ketepatan waktu, Keamanan dan reputasi, Pelayanan, Kenyamanan, Makanan/minuman, Wi-Fi/entertainment",,,5.0,3.0,Mid (Rp2–6M),2.5,Regular (2–3),,Conditional,Garuda Indonesia,True,True,4.666666666666667,4.75,4.75,4.666666666666667,4.333333333333333,Considers Garuda,2,Experience Enthusiasts
2026-09-09 10:56:59,18–20,University student,Jabodetabek,Rp2–4M,Rp2–4M,Yes,4–6,"Liburan / leisure, Menghemat waktu perjalanan, Kenyamanan","Harga tiket, Jadwal penerbangan, Ketepatan waktu, Reputasi maskapai, Bagasi","Traveloka, Tiket.com, Online Travel Agent lainnya","Selisih harga terlalu besar, Tidak memahami manfaat tambahannya",Depends on benefit & trip,"Reschedule lebih fleksibel, Kursi lebih nyaman, Makanan/minuman berkualitas, Wi-Fi selama penerbangan, Benefit partner di destinasi",4,5,5,5,5,5,3,5,5,5,4,5,5,5,3,4,5.0,Cathay Pacific,"Ketepatan waktu, Keamanan dan reputasi, Pelayanan, Kenyamanan, Makanan/minuman",legroom yang kadang terlalu sempit,inflight entertainment yang lebih banyak dan layar monitor yang tidak laggy,3.0,3.0,Mid (Rp2–6M),5.0,Frequent (4+),,Conditional,Foreign full-service,False,False,4.666666666666667,4.5,4.75,5.0,4.0,Considers foreign FSC,2,Experience Enthusiasts
2026-09-09 10:57:21,18–20,University student,Jabodetabek,Rp6–10M,Rp6–10M,Yes,7–10,"Liburan / leisure, Mengunjungi keluarga atau teman, Kuliah / pendidikan","Harga tiket, Bagasi, Wi-Fi / entertainment, Loyalty points / rewards","Traveloka, Website maskapai, Travel agent offline","Maskapai lebih murah sudah cukup nyaman, Tidak ada perbedaan pengalaman yang terasa, kalau short flight kenyamanan tidak begitu penting",6–10% more,"Wi-Fi selama penerbangan, Informasi perjalanan real-time, Bantuan saat boarding/bagasi, Loyalty rewards, Pengalaman yang lebih personal",4,2,5,1,5,1,5,3,1,5,1,2,5,5,5,5,1.0,Singapore Airlines,Loyalty/rewards,"1) Kejelasan peraturan, misalkan memang sudah di allow 1 bagasi cabin per passanger, ya seharusnya benar-benar boleh masuk bagasi overhead pesawat, soalnya pernah pengalaman bawa 1 bagasi yang tidak melebihi dimensi tidak boleh masuk bagasi overhead, dipaksa bagasikan dengan alasan “pesawat lagi full”
2) Tingkatkan pelayanan untuk maskapai premium",Pelayanan cabin crew dan ground staff nya (kadang rude bgt),8.0,8.0,High (> Rp6M),8.5,Frequent (4+),10.0,6–15%,Foreign full-service,False,False,3.6666666666666665,3.0,2.5,4.0,3.6666666666666665,Considers foreign FSC,1,Pragmatic Budget Flyers
2026-09-09 10:59:19,18–20,Fresh graduate / job seeker,Jabodetabek,Rp2–4M,Rp2–4M,Yes,2–3,Liburan / leisure,"Harga tiket, Jadwal penerbangan, Ketepatan waktu, Reputasi maskapai, Bagasi","Traveloka, Tiket.com","Selisih harga terlalu besar, Jadwal maskapai lain lebih sesuai, Promo maskapai lain lebih menarik",Up to 5% more,"Bagasi lebih besar, Reschedule lebih fleksibel, Ketepatan waktu lebih baik, Kursi lebih nyaman, Informasi perjalanan real-time",4,5,4,5,5,5,5,5,5,4,5,5,4,5,5,5,4.5,AirAsia,"Ketepatan waktu, Keamanan dan reputasi, Bagasi, Fleksibilitas, Kenyamanan",,,3.0,3.0,Mid (Rp2–6M),2.5,Regular (2–3),5.0,Up to 5%,Foreign LCC,False,False,4.333333333333333,5.0,4.75,4.666666666666667,4.833333333333333,Considers LCC / hybrid,2,Experience Enthusiasts
2026-09-09 11:03:45,18–20,University student,Jabodetabek,Rp2–4M,Rp2–4M,Yes,0,"Mengunjungi keluarga atau teman, Pulang Kampung","Harga tiket, Jadwal penerbangan, Reputasi maskapai, Rekomendasi orang lain, Promo","Traveloka, Tiket.com","Selisih harga terlalu besar, Benefit premium tidak terlalu saya butuhkan, Maskapai lebih murah sudah cukup nyaman",Not willing to pay more,"Bagasi lebih besar, Reschedule lebih fleksibel, Ketepatan waktu lebih baik, Makanan/minuman berkualitas, Entertainment yang lebih lengkap",2,3,5,3,4,5,4,5,4,5,4,5,5,5,4,4,5.0,Citilink,"Ketepatan waktu, Keamanan dan reputasi, Pelayanan, Bagasi, Fleksibilitas, Kenyamanan, Makanan/minuman, Wi-Fi/entertainment",,Promosi gencar,3.0,3.0,Mid (Rp2–6M),0.0,Non-flyer (0),0.0,Won't pay more,Domestic LCC / hybrid,False,True,3.3333333333333335,4.0,4.5,5.0,4.333333333333333,Considers LCC / hybrid,2,Experience Enthusiasts
2026-09-09 11:12:33,21–23,University student,Jabodetabek,< Rp2M,< Rp2M,Yes,2–3,"Liburan / leisure, Kuliah / pendidikan, Tidak ada alternatif transportasi yang lebih praktis","Harga tiket, Jadwal penerbangan, Ketepatan waktu, Bagasi, Pelayanan cabin crew","Traveloka, Google / Google Flights, Online Travel Agent lainnya","Selisih harga terlalu besar, Maskapai lebih murah sudah cukup nyaman, Promo maskapai lain lebih menarik",Depends on benefit & trip,"Bagasi lebih besar, Ketepatan waktu lebih baik, Kursi lebih nyaman, Makanan/minuman berkualitas, Pelayanan cabin crew yang lebih baik",3,4,5,2,4,5,4,3,4,5,3,5,5,5,2,3,4.0,Garuda Indonesia,"Ketepatan waktu, Keamanan dan reputasi, Pelayanan, Bagasi, Makanan/minuman",Benefit mendasar seperti air minum selama penerbangan baik short apalagi medium to long flight.,"Memperbarui lini pesawat dan interior sangat dibutuhkan, pelayanan lebih ditingkatkan.",1.0,1.0,Low (< Rp2M),2.5,Regular (2–3),,Conditional,Garuda Indonesia,True,True,4.0,3.75,3.75,5.0,3.0,Considers Garuda,1,Pragmatic Budget Flyers
2026-09-09 11:19:46,21–23,University student,Jabodetabek,< Rp2M,Rp2–4M,Yes,2–3,"Liburan / leisure, Mengunjungi keluarga atau teman, Perjalanan internasional","Harga tiket, Jadwal penerbangan, Ketepatan waktu, Reputasi maskapai, Kenyamanan kursi/kabin","Traveloka, Tiket.com, Aplikasi maskapai","Selisih harga terlalu besar, Tidak memahami manfaat tambahannya",Up to 5% more,"Bagasi lebih besar, Reschedule lebih fleksibel, Ketepatan waktu lebih baik, Kursi lebih nyaman, Makanan/minuman berkualitas",4,3,4,4,4,3,4,4,3,5,4,4,4,3,3,4,3.5,Garuda Indonesia,"Ketepatan waktu, Keamanan dan reputasi",,,1.0,3.0,Low (< Rp2M),2.5,Regular (2–3),5.0,Up to 5%,Garuda Indonesia,True,True,3.6666666666666665,3.75,4.0,3.6666666666666665,3.5,Considers Garuda,1,Pragmatic Budget Flyers
2026-09-09 11:47:00,18–20,University student,Jabodetabek,Rp6–10M,Rp6–10M,Yes,7–10,"Liburan / leisure, Kuliah / pendidikan, Pulang Kampung","Harga tiket, Jadwal penerbangan, Ketepatan waktu, Keamanan, Reputasi maskapai",Traveloka,Selisih harga terlalu besar,Depends on benefit & trip,"Ketepatan waktu lebih baik, Kursi lebih nyaman, Makanan/minuman berkualitas, Wi-Fi selama penerbangan, Entertainment yang lebih lengkap",4,4,4,4,5,4,5,5,4,5,4,5,4,4,5,4,4.0,Pelita Air,"Ketepatan waktu, Keamanan dan reputasi, Pelayanan, Kenyamanan, Makanan/minuman",,,8.0,8.0,High (> Rp6M),8.5,Frequent (4+),,Conditional,Domestic LCC / hybrid,False,False,4.0,4.5,4.5,4.333333333333333,4.333333333333333,Considers LCC / hybrid,0,Affluent Jet-Setters
2026-09-09 11:47:13,18–20,University student,Jabodetabek,Rp6–10M,Rp4–6M,Yes,2–3,Liburan / leisure,"Harga tiket, Kemudahan aplikasi/website, Loyalty points / rewards","Traveloka, Tiket.com",Selisih harga terlalu besar,Up to 5% more,"Bagasi lebih besar, Reschedule lebih fleksibel, Ketepatan waktu lebih baik, Kursi lebih nyaman, Makanan/minuman berkualitas",5,3,3,3,5,5,5,5,5,5,5,5,5,5,5,5,5.0,Singapore Airlines,"Ketepatan waktu, Keamanan dan reputasi",service,space,8.0,5.0,High (> Rp6M),2.5,Regular (2–3),5.0,Up to 5%,Foreign full-service,False,False,3.6666666666666665,4.5,5.0,5.0,5.0,Considers foreign FSC,2,Experience Enthusiasts
2026-09-09 11:49:15,18–20,University student,Jabodetabek,Rp4–6M,Rp2–4M,Yes,4–6,"Liburan / leisure, Kuliah / pendidikan, Pekerjaan / business trip","Harga tiket, Jadwal penerbangan, Reputasi maskapai, Bagasi, Fleksibilitas reschedule/refund","Traveloka, Website maskapai","Jadwal maskapai lain lebih sesuai, Loyalty program tidak menarik",6–10% more,"Bagasi lebih besar, Reschedule lebih fleksibel, Ketepatan waktu lebih baik, Pelayanan cabin crew yang lebih baik, Loyalty rewards",1,1,2,3,4,4,3,4,3,4,5,5,4,5,5,2,4.0,Garuda Indonesia,"Ketepatan waktu, Keamanan dan reputasi, Bagasi, Kenyamanan",,,5.0,3.0,Mid (Rp2–6M),5.0,Frequent (4+),10.0,6–15%,Garuda Indonesia,True,True,1.3333333333333333,3.5,4.0,4.666666666666667,3.6666666666666665,Considers Garuda,1,Pragmatic Budget Flyers
2026-09-09 11:51:04,18–20,University student,Jabodetabek,Rp2–4M,Rp2–4M,Yes,4–6,"Kuliah / pendidikan, Tidak ada alternatif transportasi yang lebih praktis, Pulang Kampung","Harga tiket, Jadwal penerbangan, Ketepatan waktu, Keamanan, Reputasi maskapai","Traveloka, Tiket.com","Selisih harga terlalu besar, Benefit premium tidak terlalu saya butuhkan, Maskapai lebih murah sudah cukup nyaman",11–15% more,"Reschedule lebih fleksibel, Kursi lebih nyaman, Makanan/minuman berkualitas, Wi-Fi selama penerbangan, Entertainment yang lebih lengkap",5,4,5,3,4,5,5,5,5,5,5,4,5,5,5,5,5.0,Pelita Air,Kenyamanan,,,3.0,3.0,Mid (Rp2–6M),5.0,Frequent (4+),15.0,6–15%,Domestic LCC / hybrid,False,False,4.666666666666667,4.25,5.0,4.666666666666667,5.0,Considers LCC / hybrid,2,Experience Enthusiasts
2026-09-09 11:58:34,18–20,University student,Jabodetabek,Rp6–10M,Rp2–4M,Yes,7–10,"Liburan / leisure, Kuliah / pendidikan, Pulang Kampung","Harga tiket, Jadwal penerbangan, Ketepatan waktu, Keamanan, Reputasi maskapai",Tiket.com,Maskapai lebih murah sudah cukup nyaman,Depends on benefit & trip,"Ketepatan waktu lebih baik, Kursi lebih nyaman, Makanan/minuman berkualitas, Wi-Fi selama penerbangan, Loyalty rewards",4,5,4,3,4,5,4,5,3,5,3,5,5,5,4,5,5.0,Singapore Airlines,"Keamanan dan reputasi, Makanan/minuman, Loyalty/rewards",,,8.0,3.0,High (> Rp6M),8.5,Frequent (4+),,Conditional,Foreign full-service,False,False,4.333333333333333,4.0,4.0,5.0,4.666666666666667,Considers foreign FSC,0,Affluent Jet-Setters
2026-09-09 12:03:25,21–23,University student,Jabodetabek,Rp4–6M,Rp4–6M,Yes,7–10,"Liburan / leisure, Kuliah / pendidikan, Perjalanan internasional","Harga tiket, Jadwal penerbangan, Reputasi maskapai, Bagasi","Traveloka, Tiket.com, Aplikasi maskapai","Selisih harga terlalu besar, Benefit premium tidak terlalu saya butuhkan, Maskapai lebih murah sudah cukup nyaman",Up to 5% more,"Bagasi lebih besar, Reschedule lebih fleksibel, Ketepatan waktu lebih baik, Kursi lebih nyaman, Pelayanan cabin crew yang lebih baik",4,4,4,4,5,5,4,4,4,5,4,3,4,4,4,4,4.0,Singapore Airlines,Tidak ada / tetap memilih yang lebih murah,,,5.0,5.0,Mid (Rp2–6M),8.5,Frequent (4+),5.0,Up to 5%,Foreign full-service,False,False,4.0,4.5,4.25,3.6666666666666665,4.0,Considers foreign FSC,0,Affluent Jet-Setters
2026-09-09 12:22:46,18–20,University student,Jabodetabek,< Rp2M,< Rp2M,Yes,1,"Liburan / leisure, Event / konser / kompetisi, Menghemat waktu perjalanan","Harga tiket, Keamanan, Bagasi, Fleksibilitas reschedule/refund, Rekomendasi orang lain","Traveloka, Tiket.com, Travel agent offline","Selisih harga terlalu besar, Benefit premium tidak terlalu saya butuhkan, Maskapai lebih murah sudah cukup nyaman",Depends on benefit & trip,"Bagasi lebih besar, Makanan/minuman berkualitas, Wi-Fi selama penerbangan, Loyalty rewards, Benefit partner di destinasi",5,4,5,4,5,5,4,4,5,5,4,4,4,5,3,3,5.0,Garuda Indonesia,"Ketepatan waktu, Keamanan dan reputasi, Makanan/minuman",,,1.0,1.0,Low (< Rp2M),1.0,Occasional (1),,Conditional,Garuda Indonesia,True,True,4.666666666666667,4.5,4.5,4.333333333333333,3.6666666666666665,Considers Garuda,2,Experience Enthusiasts
2026-09-09 13:38:53,18–20,University student,Jabodetabek,> Rp20M,> Rp20M,Yes,>10,"Liburan / leisure, Event / konser / kompetisi, Pulang Kampung","Ketepatan waktu, Reputasi maskapai, Kenyamanan kursi/kabin","Aplikasi maskapai, Agoda ",Saya pilihnya maskapai mahal,Depends on benefit & trip,"Bagasi lebih besar, Kursi lebih nyaman, Makanan/minuman berkualitas, Pelayanan cabin crew yang lebih baik, Entertainment yang lebih lengkap",5,5,3,5,4,5,3,4,5,4,4,5,5,5,3,3,3.5,Emirates,"Ketepatan waktu, Bagasi",-,"ga ada, malah waktu saya untuk isi kuisioner ini sudah lebih dari 3 menit sudah tipu"" aku kau ",25.0,25.0,High (> Rp6M),12.0,Frequent (4+),,Conditional,Foreign full-service,False,False,4.333333333333333,4.25,4.25,5.0,3.1666666666666665,Considers foreign FSC,0,Affluent Jet-Setters
2026-09-09 13:44:00,18–20,University student,Jabodetabek,Rp2–4M,< Rp2M,Yes,2–3,"Liburan / leisure, Mengunjungi keluarga atau teman","Harga tiket, Jadwal penerbangan, Reputasi maskapai, Promo, Tiket Konsesi",dicariin papi,Tidak ada perbedaan pengalaman yang terasa,Depends on benefit & trip,"Makanan/minuman berkualitas, Pelayanan cabin crew yang lebih baik, Wi-Fi selama penerbangan, Entertainment yang lebih lengkap, Pengalaman yang lebih personal",3,3,3,3,4,4,4,4,4,4,4,4,5,5,3,3,3.5,Garuda Indonesia,"Pelayanan, Kenyamanan, Wi-Fi/entertainment, Tiket Konsesi",imisstxhuhu,,3.0,1.0,Mid (Rp2–6M),2.5,Regular (2–3),,Conditional,Garuda Indonesia,True,True,3.0,3.75,4.0,4.666666666666667,3.1666666666666665,Considers Garuda,1,Pragmatic Budget Flyers
2026-09-09 16:55:44,18–20,University student,Jabodetabek,Rp4–6M,Rp2–4M,Yes,>10,"Kuliah / pendidikan, Menghemat waktu perjalanan, Pulang Kampung","Ketepatan waktu, Reputasi maskapai, Kenyamanan kursi/kabin","Tiket.com, Aplikasi maskapai","Selisih harga terlalu besar, Benefit premium tidak terlalu saya butuhkan, Jadwal maskapai lain lebih sesuai",Depends on benefit & trip,"Ketepatan waktu lebih baik, Kursi lebih nyaman, Makanan/minuman berkualitas, Bantuan saat boarding/bagasi, Loyalty rewards",3,4,5,4,4,5,5,4,4,5,4,5,5,5,5,5,5.0,Singapore Airlines,"Keamanan dan reputasi, Pelayanan, Kenyamanan, Loyalty/rewards",Tidak ada,Dari segi harga,5.0,3.0,Mid (Rp2–6M),12.0,Frequent (4+),,Conditional,Foreign full-service,False,False,4.0,4.5,4.25,5.0,5.0,Considers foreign FSC,0,Affluent Jet-Setters
2026-09-09 17:20:42,21–23,University student,Jabodetabek,Rp2–4M,Rp2–4M,No,0,"Liburan / leisure, Menghemat waktu perjalanan, Kenyamanan","Harga tiket, Jadwal penerbangan, Rekomendasi orang lain, Promo","Traveloka, Tiket.com","Selisih harga terlalu besar, Tidak memahami manfaat tambahannya, Tidak ada perbedaan pengalaman yang terasa",Depends on benefit & trip,"Kursi lebih nyaman, Makanan/minuman berkualitas, Entertainment yang lebih lengkap, Loyalty rewards, Pengalaman yang lebih personal",4,5,5,5,5,4,4,5,5,5,4,4,5,5,4,4,4.0,Garuda Indonesia,"Keamanan dan reputasi, Kenyamanan, Wi-Fi/entertainment",belum ada karena saya jarang naik pesawat,"saya belum pernah naik Garuda Indonesia, jadi belum tau banget",3.0,3.0,Mid (Rp2–6M),0.0,Non-flyer (0),,Conditional,Garuda Indonesia,True,True,4.666666666666667,4.5,4.75,4.666666666666667,4.0,Considers Garuda,2,Experience Enthusiasts
2026-09-09 18:19:10,21–23,University student,Jabodetabek,Rp4–6M,Rp4–6M,Yes,4–6,"Mengunjungi keluarga atau teman, Menghemat waktu perjalanan, Kenyamanan","Harga tiket, Jadwal penerbangan, Ketepatan waktu, Keamanan, Pelayanan cabin crew",Traveloka,"Selisih harga terlalu besar, Tidak memahami manfaat tambahannya, Benefit premium tidak terlalu saya butuhkan",Depends on benefit & trip,"Ketepatan waktu lebih baik, Kursi lebih nyaman, Makanan/minuman berkualitas, Pelayanan cabin crew yang lebih baik, Pengalaman yang lebih personal",5,2,5,5,5,5,5,5,5,2,5,5,5,2,2,2,5.0,AirAsia,"Ketepatan waktu, Keamanan dan reputasi",-,gate nya jangan kejauhan 🥲,5.0,5.0,Mid (Rp2–6M),5.0,Frequent (4+),,Conditional,Foreign LCC,False,False,4.0,5.0,4.25,4.0,3.0,Considers LCC / hybrid,1,Pragmatic Budget Flyers
2026-09-09 18:23:49,18–20,University student,Jabodetabek,Rp6–10M,Rp4–6M,Yes,1,"Liburan / leisure, Mengunjungi keluarga atau teman","Harga tiket, Ketepatan waktu, Keamanan, Reputasi maskapai","Traveloka, Tiket.com","Benefit premium tidak terlalu saya butuhkan, Promo maskapai lain lebih menarik",Up to 5% more,"Reschedule lebih fleksibel, Ketepatan waktu lebih baik, Informasi perjalanan real-time, Loyalty rewards, Benefit partner di destinasi",4,3,4,4,4,4,4,4,4,4,3,4,4,4,3,4,4.0,Citilink,"Ketepatan waktu, Keamanan dan reputasi, Pelayanan","Ketepatan waktu, termasuk untuk kelas maskapai yang lebih rendah",,8.0,5.0,High (> Rp6M),1.0,Occasional (1),5.0,Up to 5%,Domestic LCC / hybrid,False,True,3.6666666666666665,4.0,3.75,4.0,3.6666666666666665,Considers LCC / hybrid,1,Pragmatic Budget Flyers
2026-09-09 18:32:18,18–20,University student,Jabodetabek,Rp2–4M,Rp2–4M,Yes,4–6,"Liburan / leisure, Kuliah / pendidikan, Pulang Kampung","Harga tiket, Jadwal penerbangan, Ketepatan waktu, Keamanan, Promo","Traveloka, Tiket.com, Travel agent offline","Selisih harga terlalu besar, Maskapai lebih murah sudah cukup nyaman, Tidak ada perbedaan pengalaman yang terasa",Depends on benefit & trip,"Bagasi lebih besar, Reschedule lebih fleksibel, Ketepatan waktu lebih baik, Kursi lebih nyaman, Pelayanan cabin crew yang lebih baik",5,5,5,3,4,5,2,5,1,3,3,4,5,5,3,3,5.0,Batik Air,"Ketepatan waktu, Keamanan dan reputasi, Pelayanan, Bagasi, Kenyamanan, Wi-Fi/entertainment, Loyalty/rewards","Menurut saya, hal yang paling perlu ditingkatkan dari pengalaman menggunakan maskapai penerbangan adalah kenyamanan dan rasa aman penumpang, terutama saat menghadapi turbulence, baik ketika take off, landing, maupun selama penerbangan. Terkadang turbulence yang cukup kuat dapat membuat penumpang merasa panik karena kurang mengetahui kondisi yang sedang terjadi","Menurut saya, Garuda Indonesia perlu terus mengembangkan kualitas dan konsistensi pengalaman pelanggan, bukan hanya dari sisi pelayanan di dalam pesawat, tetapi juga dari proses sebelum hingga setelah penerbangan",3.0,3.0,Mid (Rp2–6M),5.0,Frequent (4+),,Conditional,Domestic LCC / hybrid,False,False,5.0,3.5,3.0,4.666666666666667,3.6666666666666665,Considers LCC / hybrid,1,Pragmatic Budget Flyers
2026-09-09 18:35:57,21–23,University student,Jabodetabek,Rp4–6M,Rp4–6M,No,0,"Liburan / leisure, Mengunjungi keluarga atau teman, Pulang Kampung","Harga tiket, Jadwal penerbangan, Keamanan, Bagasi, Promo","Traveloka, Tiket.com","Selisih harga terlalu besar, Maskapai lebih murah sudah cukup nyaman, Promo maskapai lain lebih menarik",Up to 5% more,"Bagasi lebih besar, Reschedule lebih fleksibel, Kursi lebih nyaman, Makanan/minuman berkualitas, Loyalty rewards",4,3,4,5,5,5,3,5,5,4,4,4,5,4,5,5,5.0,Singapore Airlines,"Ketepatan waktu, Bagasi, Fleksibilitas, Makanan/minuman",,,5.0,5.0,Mid (Rp2–6M),0.0,Non-flyer (0),5.0,Up to 5%,Foreign full-service,False,False,3.6666666666666665,4.5,4.5,4.333333333333333,5.0,Considers foreign FSC,2,Experience Enthusiasts
2026-09-09 18:36:15,18–20,University student,Jabodetabek,Rp4–6M,Rp4–6M,Yes,2–3,"Liburan / leisure, Mengunjungi keluarga atau teman, Kuliah / pendidikan","Harga tiket, Jadwal penerbangan, Reputasi maskapai",Traveloka,"Tidak memahami manfaat tambahannya, Benefit premium tidak terlalu saya butuhkan",Up to 5% more,"Bagasi lebih besar, Reschedule lebih fleksibel, Ketepatan waktu lebih baik, Kursi lebih nyaman, Makanan/minuman berkualitas",5,1,5,5,5,5,5,5,5,5,5,5,5,5,5,5,5.0,Citilink,"Kenyamanan, Makanan/minuman, Wi-Fi/entertainment",,,5.0,5.0,Mid (Rp2–6M),2.5,Regular (2–3),5.0,Up to 5%,Domestic LCC / hybrid,False,True,3.6666666666666665,5.0,5.0,5.0,5.0,Considers LCC / hybrid,2,Experience Enthusiasts
2026-09-09 18:44:31,18–20,University student,Jabodetabek,< Rp2M,< Rp2M,No,0,"Liburan / leisure, Mengunjungi keluarga atau teman, Menghemat waktu perjalanan","Harga tiket, Jadwal penerbangan, Keamanan, Reputasi maskapai, Promo","Traveloka, Tiket.com","Selisih harga terlalu besar, Benefit premium tidak terlalu saya butuhkan, Maskapai lebih murah sudah cukup nyaman",Up to 5% more,"Kursi lebih nyaman, Makanan/minuman berkualitas, Wi-Fi selama penerbangan, Bantuan saat boarding/bagasi, Loyalty rewards",2,3,4,3,4,4,4,4,4,4,4,4,4,4,4,4,4.0,Citilink,"Ketepatan waktu, Keamanan dan reputasi",,,1.0,1.0,Low (< Rp2M),0.0,Non-flyer (0),5.0,Up to 5%,Domestic LCC / hybrid,False,True,3.0,3.75,4.0,4.0,4.0,Considers LCC / hybrid,1,Pragmatic Budget Flyers
2026-09-09 18:50:10,21–23,University student,Jabodetabek,< Rp2M,< Rp2M,Yes,0,"Liburan / leisure, Mengunjungi keluarga atau teman, Pekerjaan / business trip","Harga tiket, Jadwal penerbangan, Ketepatan waktu",Traveloka,"Selisih harga terlalu besar, Tidak memahami manfaat tambahannya, Benefit premium tidak terlalu saya butuhkan",Not willing to pay more,"Bagasi lebih besar, Ketepatan waktu lebih baik, Makanan/minuman berkualitas, Pelayanan cabin crew yang lebih baik, Pengalaman yang lebih personal",3,3,3,3,3,3,3,3,3,3,3,3,3,3,3,3,3.0,Garuda Indonesia,"Ketepatan waktu, Keamanan dan reputasi",Ketepatan waktu,"Ketepatan waktu dan efisensi, keramahan pramugara/i dalam pelayanannya ",1.0,1.0,Low (< Rp2M),0.0,Non-flyer (0),0.0,Won't pay more,Garuda Indonesia,True,True,3.0,3.0,3.0,3.0,3.0,Considers Garuda,1,Pragmatic Budget Flyers
2026-09-09 23:02:07,18–20,University student,Jabodetabek,< Rp2M,< Rp2M,Yes,1,"Liburan / leisure, Mengunjungi keluarga atau teman, Pulang Kampung","Harga tiket, Jadwal penerbangan, Reputasi maskapai, Bagasi, Promo","Traveloka, Tiket.com, Website maskapai","Selisih harga terlalu besar, Benefit premium tidak terlalu saya butuhkan, Maskapai lebih murah sudah cukup nyaman",Up to 5% more,"Bagasi lebih besar, Kursi lebih nyaman, Makanan/minuman berkualitas, Wi-Fi selama penerbangan, Entertainment yang lebih lengkap",3,4,5,4,5,5,5,5,4,5,4,5,4,4,2,2,5.0,Pelita Air,Tidak ada / tetap memilih yang lebih murah,"Karena cuman pernah naik Lion Air, mau bilang apa. Tiket paling murah, jadi terima apa adanya. Walau sebenarnya sudah kemahalan harga tiket pesawat sekarang, khususnya domestik. Sebaiknya permainan monopoli harga yang dilaksanakan ""kongkalikong"" maskapai2 yang ada  itu harus dihentikan.","Harga selangit, fasilitas tidak sebanding. Harus memperbarui armada yang ada, soalnya sudah tua-tua dan usang.",1.0,1.0,Low (< Rp2M),1.0,Occasional (1),5.0,Up to 5%,Domestic LCC / hybrid,False,False,4.0,4.75,4.5,4.333333333333333,3.0,Considers LCC / hybrid,1,Pragmatic Budget Flyers
2026-09-10 06:47:31,18–20,University student,Jabodetabek,Rp2–4M,Rp2–4M,Yes,4–6,"Liburan / leisure, Mengunjungi keluarga atau teman, Kuliah / pendidikan","Harga tiket, Jadwal penerbangan, Ketepatan waktu, Keamanan, Kenyamanan kursi/kabin","Traveloka, Tiket.com","Selisih harga terlalu besar, Jadwal maskapai lain lebih sesuai, Promo maskapai lain lebih menarik",Depends on benefit & trip,"Bagasi lebih besar, Kursi lebih nyaman, Makanan/minuman berkualitas, Pelayanan cabin crew yang lebih baik, Entertainment yang lebih lengkap",5,4,5,5,5,5,3,1,4,5,5,5,5,5,3,5,5.0,Citilink,"Ketepatan waktu, Keamanan dan reputasi, Pelayanan",terkadang ada pramugari nya or pramugara nya yang judes gak helpfull mungkin boleh di tingkatkan lagi buat standard SOP airlines nya supaya pelayanan nya ke passenger bs nyaman :),menurut saya yang perlu di kembangkan mungkin promotion nya di garuda indonesia misalkan promotion nya dapet cashback 5% kl pake cc atau bisa pake point di kartu kredit buat upgrade ke  business class,3.0,3.0,Mid (Rp2–6M),5.0,Frequent (4+),,Conditional,Domestic LCC / hybrid,False,True,4.666666666666667,4.5,3.75,5.0,4.333333333333333,Considers LCC / hybrid,2,Experience Enthusiasts
2026-09-10 09:11:49,18–20,University student,Bandung,< Rp2M,< Rp2M,No,0,"Liburan / leisure, Perjalanan internasional, Kenyamanan","Harga tiket, Jadwal penerbangan","Traveloka, Tiket.com, Google / Google Flights",Tidak memahami manfaat tambahannya,Up to 5% more,"Bagasi lebih besar, Reschedule lebih fleksibel, Ketepatan waktu lebih baik, Kursi lebih nyaman, Wi-Fi selama penerbangan",4,3,4,4,4,4,4,4,4,4,4,4,4,4,4,4,4.0,AirAsia,"Keamanan dan reputasi, Pelayanan",,,1.0,1.0,Low (< Rp2M),0.0,Non-flyer (0),5.0,Up to 5%,Foreign LCC,False,False,3.6666666666666665,4.0,4.0,4.0,4.0,Considers LCC / hybrid,1,Pragmatic Budget Flyers
2026-09-10 09:15:39,21–23,University student,Jabodetabek,Rp2–4M,< Rp2M,Yes,2–3,"Menghemat waktu perjalanan, Pulang Kampung","Harga tiket, Jadwal penerbangan, Promo",Tiket.com,"Benefit premium tidak terlalu saya butuhkan, Maskapai lebih murah sudah cukup nyaman",6–10% more,"Ketepatan waktu lebih baik, Makanan/minuman berkualitas, Pelayanan cabin crew yang lebih baik, Entertainment yang lebih lengkap, Informasi perjalanan real-time",4,2,4,5,5,4,5,4,3,5,4,5,5,4,4,4,3.0,Pelita Air,"Ketepatan waktu, Keamanan dan reputasi, Pelayanan",,,3.0,1.0,Mid (Rp2–6M),2.5,Regular (2–3),10.0,6–15%,Domestic LCC / hybrid,False,False,3.3333333333333335,4.75,4.0,4.666666666666667,3.6666666666666665,Considers LCC / hybrid,1,Pragmatic Budget Flyers
2026-09-10 13:25:05,21–23,University student,Jabodetabek,Rp15–20M,Rp4–6M,Yes,4–6,"Liburan / leisure, Mengunjungi keluarga atau teman, Kuliah / pendidikan","Harga tiket, Jadwal penerbangan, Keamanan, Bagasi, Kemudahan aplikasi/website","Traveloka, Tiket.com","Maskapai lebih murah sudah cukup nyaman, Promo maskapai lain lebih menarik",Up to 5% more,"Reschedule lebih fleksibel, Ketepatan waktu lebih baik, Kursi lebih nyaman, Makanan/minuman berkualitas, Pelayanan cabin crew yang lebih baik",5,4,5,5,5,5,4,4,4,5,4,4,4,4,4,4,4.0,Singapore Airlines,"Keamanan dan reputasi, Bagasi, Makanan/minuman, Wi-Fi/entertainment","Ketepatan waktu sihhh, banyak banget maskapai dengan harga affordable tapi pelayanan kurang seperti sering delay dll",-,17.5,5.0,High (> Rp6M),5.0,Frequent (4+),5.0,Up to 5%,Foreign full-service,False,False,4.666666666666667,4.75,4.25,4.0,4.0,Considers foreign FSC,0,Affluent Jet-Setters
2026-09-10 17:53:39,18–20,University student,Jabodetabek,Rp4–6M,< Rp2M,Yes,1,"Liburan / leisure, Menghemat waktu perjalanan, Kenyamanan","Harga tiket, Jadwal penerbangan, Makanan/minuman, Kemudahan aplikasi/website, Promo","Traveloka, Tiket.com","Selisih harga terlalu besar, Benefit premium tidak terlalu saya butuhkan, Promo maskapai lain lebih menarik",Up to 5% more,"Bagasi lebih besar, Reschedule lebih fleksibel, Kursi lebih nyaman, Makanan/minuman berkualitas, Pelayanan cabin crew yang lebih baik",5,2,4,4,5,5,5,4,4,4,4,4,4,4,4,4,4.5,AirAsia,Ketepatan waktu,,,5.0,1.0,Mid (Rp2–6M),1.0,Occasional (1),5.0,Up to 5%,Foreign LCC,False,False,3.6666666666666665,4.75,4.0,4.0,4.166666666666667,Considers LCC / hybrid,1,Pragmatic Budget Flyers
2026-09-10 23:24:08,18–20,University student,Surabaya,Rp2–4M,Rp2–4M,Yes,2–3,"Liburan / leisure, Mengunjungi keluarga atau teman, Kuliah / pendidikan","Jadwal penerbangan, Keamanan, Reputasi maskapai, Kenyamanan kursi/kabin, Pelayanan cabin crew","Traveloka, Tiket.com, Online Travel Agent lainnya","Tidak memahami manfaat tambahannya, Benefit premium tidak terlalu saya butuhkan, Promo maskapai lain lebih menarik",Up to 5% more,"Bagasi lebih besar, Reschedule lebih fleksibel, Ketepatan waktu lebih baik, Kursi lebih nyaman, Pelayanan cabin crew yang lebih baik",4,3,4,4,3,4,3,3,3,3,3,3,4,3,3,3,3.0,Singapore Airlines,"Ketepatan waktu, Keamanan dan reputasi, Fleksibilitas","Tidak ada delay sama sekali, dan sekalipun ada harus dapat dipertanggungjawabkan secara profesional",-,3.0,3.0,Mid (Rp2–6M),2.5,Regular (2–3),5.0,Up to 5%,Foreign full-service,False,False,3.6666666666666665,3.5,3.0,3.3333333333333335,3.0,Considers foreign FSC,1,Pragmatic Budget Flyers
2026-09-10 23:32:15,21–23,First-jobber (<3 yrs),Jabodetabek,Rp6–10M,Rp4–6M,Yes,2–3,"Liburan / leisure, Mengunjungi keluarga atau teman","Harga tiket, Jadwal penerbangan, Reputasi maskapai","Traveloka, Tiket.com","Selisih harga terlalu besar, Maskapai lebih murah sudah cukup nyaman, Loyalty program tidak menarik",Depends on benefit & trip,"Reschedule lebih fleksibel, Ketepatan waktu lebih baik, Kursi lebih nyaman, Makanan/minuman berkualitas, Informasi perjalanan real-time",4,5,4,4,5,4,5,4,5,4,5,4,5,4,4,5,5.0,Citilink,"Ketepatan waktu, Keamanan dan reputasi, Makanan/minuman, Digital experience",fleksibilitas reschedule dan gerak cepat saat cancel mendadak (force majeur),Pelayanan dan manajemen,8.0,5.0,High (> Rp6M),2.5,Regular (2–3),,Conditional,Domestic LCC / hybrid,False,True,4.333333333333333,4.5,4.5,4.333333333333333,4.666666666666667,Considers LCC / hybrid,2,Experience Enthusiasts
2026-09-11 00:02:04,18–20,University student,Jabodetabek,Rp4–6M,Rp4–6M,Yes,7–10,"Kuliah / pendidikan, Menghemat waktu perjalanan, Pulang Kampung","Harga tiket, Jadwal penerbangan, Ketepatan waktu, Keamanan, Bagasi","Traveloka, Tiket.com","Selisih harga terlalu besar, Benefit premium tidak terlalu saya butuhkan",Depends on benefit & trip,"Bagasi lebih besar, Reschedule lebih fleksibel, Ketepatan waktu lebih baik, Makanan/minuman berkualitas, Wi-Fi selama penerbangan",4,5,5,5,5,4,5,4,5,4,3,4,4,4,4,4,4.5,Pelita Air,"Ketepatan waktu, Keamanan dan reputasi, Pelayanan, Bagasi",Tidak adaa,Tidak ada jugaa,5.0,5.0,Mid (Rp2–6M),8.5,Frequent (4+),,Conditional,Domestic LCC / hybrid,False,False,4.666666666666667,4.75,4.0,4.0,4.166666666666667,Considers LCC / hybrid,0,Affluent Jet-Setters
2026-09-11 00:34:12,18–20,University student,Surabaya,< Rp2M,< Rp2M,Yes,1,"Liburan / leisure, Mengunjungi keluarga atau teman, Pulang Kampung","Harga tiket, Jadwal penerbangan, Ketepatan waktu, Promo","Traveloka, Tiket.com, Google / Google Flights","Benefit premium tidak terlalu saya butuhkan, Maskapai lebih murah sudah cukup nyaman",6–10% more,"Reschedule lebih fleksibel, Ketepatan waktu lebih baik, Kursi lebih nyaman, Pelayanan cabin crew yang lebih baik, Bantuan saat boarding/bagasi",5,5,5,5,4,5,4,5,4,4,3,5,5,5,5,5,5.0,Garuda Indonesia,"Ketepatan waktu, Pelayanan, Bagasi, Fleksibilitas, Kenyamanan",reschedule yg fleksibel,-,1.0,1.0,Low (< Rp2M),1.0,Occasional (1),10.0,6–15%,Garuda Indonesia,True,True,5.0,4.5,4.0,5.0,5.0,Considers Garuda,2,Experience Enthusiasts
2026-09-11 00:36:15,18–20,University student,Surabaya,Rp4–6M,Rp2–4M,Yes,2–3,"Kuliah / pendidikan, Menghemat waktu perjalanan, Pulang Kampung","Harga tiket, Jadwal penerbangan, Ketepatan waktu, Keamanan, Fleksibilitas reschedule/refund",Traveloka,"Benefit premium tidak terlalu saya butuhkan, Maskapai lebih murah sudah cukup nyaman, Jadwal maskapai lain lebih sesuai",Depends on benefit & trip,"Bagasi lebih besar, Ketepatan waktu lebih baik, Kursi lebih nyaman, Makanan/minuman berkualitas, Wi-Fi selama penerbangan",5,3,5,5,5,4,5,5,5,5,5,4,5,4,3,4,5.0,Citilink,"Pelayanan, Kenyamanan, Wi-Fi/entertainment",,,5.0,3.0,Mid (Rp2–6M),2.5,Regular (2–3),,Conditional,Domestic LCC / hybrid,False,True,4.333333333333333,4.75,5.0,4.333333333333333,4.0,Considers LCC / hybrid,2,Experience Enthusiasts
2026-09-11 06:16:24,21–23,University student,Jabodetabek,< Rp2M,< Rp2M,Yes,4–6,"Liburan / leisure, Mengunjungi keluarga atau teman, Kunker Stan","Harga tiket, Jadwal penerbangan, Reputasi maskapai","Traveloka, Tiket.com",Benefit premium tidak terlalu saya butuhkan,Depends on benefit & trip,"Reschedule lebih fleksibel, Makanan/minuman berkualitas, Pelayanan cabin crew yang lebih baik, Entertainment yang lebih lengkap, Pengalaman yang lebih personal",4,3,5,5,5,4,4,5,5,5,3,4,5,5,5,4,4.5,AirAsia,"Keamanan dan reputasi, Kenyamanan, Makanan/minuman, Wi-Fi/entertainment, Digital experience",-,-,1.0,1.0,Low (< Rp2M),5.0,Frequent (4+),,Conditional,Foreign LCC,False,False,4.0,4.5,4.5,4.666666666666667,4.5,Considers LCC / hybrid,2,Experience Enthusiasts
2026-09-11 07:34:43,21–23,University student,Jabodetabek,< Rp2M,Rp2–4M,Yes,1,"Liburan / leisure, Kuliah / pendidikan, Tidak ada alternatif transportasi yang lebih praktis","Harga tiket, Ketepatan waktu, Keamanan, Reputasi maskapai, Bagasi","Traveloka, Tiket.com, Online Travel Agent lainnya","Selisih harga terlalu besar, Benefit premium tidak terlalu saya butuhkan, Maskapai lebih murah sudah cukup nyaman",Depends on benefit & trip,"Bagasi lebih besar, Ketepatan waktu lebih baik, Kursi lebih nyaman, Pelayanan cabin crew yang lebih baik, Bantuan saat boarding/bagasi",4,4,5,4,3,5,3,4,4,5,4,4,4,5,3,3,5.0,Singapore Airlines,"Ketepatan waktu, Keamanan dan reputasi, Bagasi, Kenyamanan, Makanan/minuman",-,upgrade pelayanan mereka & benefit yang didapat,1.0,3.0,Low (< Rp2M),1.0,Occasional (1),,Conditional,Foreign full-service,False,False,4.333333333333333,3.75,4.25,4.333333333333333,3.6666666666666665,Considers foreign FSC,1,Pragmatic Budget Flyers
2026-09-11 07:46:41,18–20,University student,Jabodetabek,Rp2–4M,Rp2–4M,Yes,1,"Menghemat waktu perjalanan, Kenyamanan, Tidak ada alternatif transportasi yang lebih praktis","Harga tiket, Jadwal penerbangan, Ketepatan waktu, Keamanan, Reputasi maskapai","Traveloka, Tiket.com",Selisih harga terlalu besar,11–15% more,"Bagasi lebih besar, Ketepatan waktu lebih baik, Kursi lebih nyaman, Makanan/minuman berkualitas, Entertainment yang lebih lengkap",4,3,4,4,5,3,4,5,4,5,4,3,4,4,2,3,5.0,Garuda Indonesia,"Ketepatan waktu, Keamanan dan reputasi, Kenyamanan",,,3.0,3.0,Mid (Rp2–6M),1.0,Occasional (1),15.0,6–15%,Garuda Indonesia,True,True,3.6666666666666665,4.0,4.5,3.6666666666666665,3.3333333333333335,Considers Garuda,1,Pragmatic Budget Flyers
2026-09-11 12:47:27,21–23,University student,Jabodetabek,Rp6–10M,Rp4–6M,Yes,2–3,"Liburan / leisure, Mengunjungi keluarga atau teman, Pekerjaan / business trip","Harga tiket, Ketepatan waktu, Wi-Fi / entertainment","Traveloka, Tiket.com, Social media","Benefit premium tidak terlalu saya butuhkan, Maskapai lebih murah sudah cukup nyaman, Promo maskapai lain lebih menarik",11–15% more,"Kursi lebih nyaman, Entertainment yang lebih lengkap, Informasi perjalanan real-time, Bantuan saat boarding/bagasi, Loyalty rewards",4,4,5,5,5,5,5,5,5,5,5,5,5,5,5,5,5.0,Garuda Indonesia,"Keamanan dan reputasi, Kenyamanan, Wi-Fi/entertainment, Loyalty/rewards, Digital experience",,,8.0,5.0,High (> Rp6M),2.5,Regular (2–3),15.0,6–15%,Garuda Indonesia,True,True,4.333333333333333,5.0,5.0,5.0,5.0,Considers Garuda,2,Experience Enthusiasts
2026-09-11 12:49:48,18–20,University student,Jabodetabek,Rp4–6M,Rp4–6M,Yes,2–3,"Liburan / leisure, Perjalanan internasional, Pulang Kampung","Makanan/minuman, Wi-Fi / entertainment, Kemudahan aplikasi/website, Fleksibilitas reschedule/refund, Loyalty points / rewards","Travel agent offline, Social media","Tidak memahami manfaat tambahannya, Jadwal maskapai lain lebih sesuai, Promo maskapai lain lebih menarik",Up to 5% more,"Kursi lebih nyaman, Informasi perjalanan real-time, Loyalty rewards, Pengalaman yang lebih personal, Benefit partner di destinasi",5,5,5,5,5,5,5,5,5,5,5,5,5,5,5,5,5.0,Citilink,"Keamanan dan reputasi, Fleksibilitas, Wi-Fi/entertainment, Loyalty/rewards, Digital experience",,,5.0,5.0,Mid (Rp2–6M),2.5,Regular (2–3),5.0,Up to 5%,Domestic LCC / hybrid,False,True,5.0,5.0,5.0,5.0,5.0,Considers LCC / hybrid,2,Experience Enthusiasts
2026-09-11 12:50:58,18–20,High-school student,Jabodetabek,Rp2–4M,Rp2–4M,Yes,1,"Liburan / leisure, Kuliah / pendidikan, Pulang Kampung","Ketepatan waktu, Bagasi, Makanan/minuman, Wi-Fi / entertainment, Kemudahan aplikasi/website","Google / Google Flights, Aplikasi maskapai, Social media","Maskapai lebih murah sudah cukup nyaman, Tidak ada perbedaan pengalaman yang terasa, Loyalty program tidak menarik",6–10% more,"Reschedule lebih fleksibel, Wi-Fi selama penerbangan, Entertainment yang lebih lengkap, Informasi perjalanan real-time, Loyalty rewards",5,5,5,5,5,5,5,5,5,5,5,5,5,5,5,5,5.0,Citilink,"Pelayanan, Kenyamanan, Wi-Fi/entertainment, Loyalty/rewards, Digital experience",,,3.0,3.0,Mid (Rp2–6M),1.0,Occasional (1),10.0,6–15%,Domestic LCC / hybrid,False,True,5.0,5.0,5.0,5.0,5.0,Considers LCC / hybrid,2,Experience Enthusiasts
2026-09-11 12:51:53,24–26,Fresh graduate / job seeker,Jabodetabek,Rp4–6M,Rp4–6M,Yes,1,"Pekerjaan / business trip, Pulang Kampung","Reputasi maskapai, Bagasi, Wi-Fi / entertainment, Kemudahan aplikasi/website, Fleksibilitas reschedule/refund","Traveloka, Tiket.com, Website maskapai","Jadwal maskapai lain lebih sesuai, Tidak ada perbedaan pengalaman yang terasa, Loyalty program tidak menarik",6–10% more,"Makanan/minuman berkualitas, Wi-Fi selama penerbangan, Entertainment yang lebih lengkap, Informasi perjalanan real-time, Loyalty rewards",5,5,5,5,5,5,5,5,5,4,4,4,4,4,4,4,4.5,Garuda Indonesia,"Pelayanan, Fleksibilitas, Makanan/minuman",,,5.0,5.0,Mid (Rp2–6M),1.0,Occasional (1),10.0,6–15%,Garuda Indonesia,True,True,5.0,5.0,4.5,4.0,4.166666666666667,Considers Garuda,2,Experience Enthusiasts
2026-09-11 12:54:26,18–20,University student,Jabodetabek,< Rp2M,Rp2–4M,Yes,4–6,"Liburan / leisure, Mengunjungi keluarga atau teman, Kuliah / pendidikan","Harga tiket, Jadwal penerbangan, Reputasi maskapai, Rekomendasi orang lain, Promo","Traveloka, Tiket.com, Aplikasi maskapai","Selisih harga terlalu besar, Benefit premium tidak terlalu saya butuhkan",Up to 5% more,"Bagasi lebih besar, Reschedule lebih fleksibel, Ketepatan waktu lebih baik, Pelayanan cabin crew yang lebih baik, Pengalaman yang lebih personal",5,5,5,5,5,5,5,5,4,5,5,5,5,5,5,5,5.0,Pelita Air,Keamanan dan reputasi,"keamanan, kenyamanan, poin reward","keamanan, kenyamanan, poin reward, diskon",1.0,3.0,Low (< Rp2M),5.0,Frequent (4+),5.0,Up to 5%,Domestic LCC / hybrid,False,False,5.0,5.0,4.75,5.0,5.0,Considers LCC / hybrid,2,Experience Enthusiasts
2026-09-11 12:56:34,18–20,University student,Jabodetabek,< Rp2M,< Rp2M,Yes,0,Liburan / leisure,"Harga tiket, Jadwal penerbangan, Ketepatan waktu, Keamanan, Bagasi","Traveloka, Tiket.com, Google / Google Flights",Jarak pendek tidak terlalu worth it bagi saya,Depends on benefit & trip,"Bagasi lebih besar, Reschedule lebih fleksibel, Makanan/minuman berkualitas, Pelayanan cabin crew yang lebih baik, Loyalty rewards",5,5,4,4,5,5,5,5,5,4,4,5,5,5,5,5,5.0,Pelita Air,"Ketepatan waktu, Keamanan dan reputasi, Pelayanan, Bagasi, Fleksibilitas, Kenyamanan, Loyalty/rewards","Aku ngerti kalau misalnya ada kendala penerbangan atau apa karena dunia penerbangan itu sulit dan marginnya juga sangat tipis, tapi be transparant aja yaa menurut aku","Fleet mereka, gak konsisten, pelayanan katanya juga turun yaa tapi aku gak bisa berpendapat karena gak pernah naik, apalagi karena Garuda turun jadi 4* Skytrax, aku saran untuk Garuda untuk fokus restrukturisasi fleet dan menerbangkan pesawat2 yang sedang tidur baru mulai lanjut ekspansi lagi",1.0,1.0,Low (< Rp2M),0.0,Non-flyer (0),,Conditional,Domestic LCC / hybrid,False,False,4.666666666666667,4.75,4.5,5.0,5.0,Considers LCC / hybrid,2,Experience Enthusiasts
2026-09-11 12:58:43,18–20,University student,Jabodetabek,No income,Rp4–6M,Yes,1,"Kuliah / pendidikan, Pulang Kampung","Harga tiket, Jadwal penerbangan, Keamanan, Fleksibilitas reschedule/refund, Promo","Traveloka, Travel agent offline","Selisih harga terlalu besar, Benefit premium tidak terlalu saya butuhkan, Jadwal maskapai lain lebih sesuai",Depends on benefit & trip,"Bagasi lebih besar, Reschedule lebih fleksibel, Ketepatan waktu lebih baik, Wi-Fi selama penerbangan, Pengalaman yang lebih personal",5,3,3,3,5,5,3,3,3,1,1,5,5,1,3,3,3.0,Batik Air,Tidak ada / tetap memilih yang lebih murah,Ketepatan jadwal yang dijanjikan,Harganya Di ekonomi ini sangat membuat orang tercekik ,0.0,5.0,Low (< Rp2M),1.0,Occasional (1),,Conditional,Domestic LCC / hybrid,False,False,3.6666666666666665,4.0,2.0,3.6666666666666665,3.0,Considers LCC / hybrid,1,Pragmatic Budget Flyers
2026-09-11 13:08:18,18–20,University student,Jabodetabek,Rp2–4M,Rp2–4M,Yes,2–3,"Menghemat waktu perjalanan, Kenyamanan, Pulang Kampung","Harga tiket, Jadwal penerbangan, Ketepatan waktu, Keamanan, Promo",agoda,"Selisih harga terlalu besar, Tidak memahami manfaat tambahannya, Benefit premium tidak terlalu saya butuhkan",Depends on benefit & trip,"Bagasi lebih besar, Reschedule lebih fleksibel, Ketepatan waktu lebih baik, Kursi lebih nyaman, Makanan/minuman berkualitas",4,3,3,3,3,4,2,4,3,4,4,4,3,3,3,2,3.0,AirAsia,"Ketepatan waktu, Keamanan dan reputasi, Bagasi",Komunikasi dan ketepatan waktu penerbangan ,tidak ada udah bagus,3.0,3.0,Mid (Rp2–6M),2.5,Regular (2–3),,Conditional,Foreign LCC,False,False,3.3333333333333335,3.0,3.75,3.3333333333333335,2.6666666666666665,Considers LCC / hybrid,1,Pragmatic Budget Flyers
2026-09-11 13:09:39,18–20,University student,Jabodetabek,Rp6–10M,Rp2–4M,Yes,2–3,"Liburan / leisure, Perjalanan internasional, Menghemat waktu perjalanan","Jadwal penerbangan, Reputasi maskapai, Kenyamanan kursi/kabin, Pelayanan cabin crew, Loyalty points / rewards","Traveloka, Tiket.com, Aplikasi maskapai","Tidak ada perbedaan pengalaman yang terasa, Loyalty program tidak menarik",Depends on benefit & trip,"Ketepatan waktu lebih baik, Kursi lebih nyaman, Pelayanan cabin crew yang lebih baik, Loyalty rewards, Pengalaman yang lebih personal",5,5,5,3,4,5,4,4,4,4,4,4,5,5,5,5,5.0,Singapore Airlines,"Pelayanan, Kenyamanan, Loyalty/rewards","Airlines yang berasal dari Indonesia harus bisa menyesuaikan kembali harga sesuai dengan fasilitas yang diberikan, selain itu diperlukan juga improvements dari pengalaman hospitality serta fasilitas yang diberikan oleh International Airlines, Cont: Tiket garuda yang sedikit lebih mahal dibandingkan SQ akan tetapi fasilitas dan average delay time tidak lebih baik dibandingkan SQ","IFE Improve, ticket fare, facilities",8.0,3.0,High (> Rp6M),2.5,Regular (2–3),,Conditional,Foreign full-service,False,False,5.0,4.0,4.0,4.666666666666667,5.0,Considers foreign FSC,2,Experience Enthusiasts
2026-09-11 13:48:05,18–20,University student,Yogyakarta,Rp4–6M,< Rp2M,No,0,"Mengunjungi keluarga atau teman, Menghemat waktu perjalanan, Kenyamanan","Harga tiket, Ketepatan waktu, Keamanan, Wi-Fi / entertainment","Traveloka, Website maskapai","Selisih harga terlalu besar, Jadwal maskapai lain lebih sesuai",Depends on benefit & trip,"Bagasi lebih besar, Ketepatan waktu lebih baik, Makanan/minuman berkualitas, Wi-Fi selama penerbangan, Loyalty rewards",4,4,5,4,5,5,4,3,4,3,4,4,4,3,4,4,4.0,Garuda Indonesia,"Ketepatan waktu, Pelayanan, Bagasi, Kenyamanan",,,5.0,1.0,Mid (Rp2–6M),0.0,Non-flyer (0),,Conditional,Garuda Indonesia,True,True,4.333333333333333,4.5,3.5,3.6666666666666665,4.0,Considers Garuda,1,Pragmatic Budget Flyers
2026-09-11 14:36:13,21–23,University student,Yogyakarta,< Rp2M,< Rp2M,Yes,4–6,"Mengunjungi keluarga atau teman, Kuliah / pendidikan, Pulang Kampung","Harga tiket, Jadwal penerbangan, Reputasi maskapai, Bagasi",Traveloka,"Benefit premium tidak terlalu saya butuhkan, Maskapai lebih murah sudah cukup nyaman, Promo maskapai lain lebih menarik",Not willing to pay more,"Bagasi lebih besar, Ketepatan waktu lebih baik, Kursi lebih nyaman, Makanan/minuman berkualitas, Bantuan saat boarding/bagasi",4,2,5,4,4,4,5,4,4,5,5,5,5,5,5,4,5.0,Citilink,"Ketepatan waktu, Bagasi",,,1.0,1.0,Low (< Rp2M),5.0,Frequent (4+),0.0,Won't pay more,Domestic LCC / hybrid,False,True,3.6666666666666665,4.25,4.5,5.0,4.666666666666667,Considers LCC / hybrid,2,Experience Enthusiasts
2026-09-11 14:52:35,18–20,University student,Jabodetabek,Rp2–4M,Rp2–4M,Yes,2–3,"Liburan / leisure, Mengunjungi keluarga atau teman, Pulang Kampung","Harga tiket, Jadwal penerbangan, Keamanan",Traveloka,"Selisih harga terlalu besar, Jadwal maskapai lain lebih sesuai",Up to 5% more,"Reschedule lebih fleksibel, Ketepatan waktu lebih baik, Entertainment yang lebih lengkap, Loyalty rewards, Pengalaman yang lebih personal",5,3,5,5,5,5,3,5,4,4,4,5,5,5,4,4,5.0,Garuda Indonesia,"Ketepatan waktu, Keamanan dan reputasi, Pelayanan, Kenyamanan, Loyalty/rewards",,"Menurut saya, Garuda Indonesia perlu terus meningkatkan kualitas pelayanan, ketepatan waktu, dan kenyamanan selama penerbangan. Selain itu, pemberian harga dan promo yang lebih kompetitif juga dapat menjadi salah satu cara untuk menarik lebih banyak penumpang, terutama bagi mereka yang cukup mempertimbangkan harga. Program loyalty/rewards juga dapat dikembangkan agar lebih menarik dan mudah digunakan, sehingga penumpang merasa mendapatkan manfaat lebih ketika memilih Garuda Indonesia.",3.0,3.0,Mid (Rp2–6M),2.5,Regular (2–3),5.0,Up to 5%,Garuda Indonesia,True,True,4.333333333333333,4.5,4.25,5.0,4.333333333333333,Considers Garuda,2,Experience Enthusiasts
2026-09-11 18:08:17,< 18,High-school student,Aceh,Rp2–4M,< Rp2M,No,0,"Liburan / leisure, Kuliah / pendidikan, Event / konser / kompetisi","Harga tiket, Jadwal penerbangan, Keamanan, Reputasi maskapai, Pelayanan cabin crew","Tiket.com, Website maskapai","Benefit premium tidak terlalu saya butuhkan, Tidak ada perbedaan pengalaman yang terasa",Up to 5% more,"Bagasi lebih besar, Kursi lebih nyaman, Makanan/minuman berkualitas, Pelayanan cabin crew yang lebih baik, Bantuan saat boarding/bagasi",3,3,3,4,4,4,4,3,4,4,4,5,5,3,3,4,4.0,AirAsia,"Keamanan dan reputasi, Pelayanan, Fleksibilitas",,Value yang jelas. Digital experience total reform (permudah app). Penerbangan yang sering delay,3.0,1.0,Mid (Rp2–6M),0.0,Non-flyer (0),5.0,Up to 5%,Foreign LCC,False,False,3.0,4.0,3.75,4.333333333333333,3.6666666666666665,Considers LCC / hybrid,1,Pragmatic Budget Flyers
2026-09-11 19:15:01,21–23,Entrepreneur,Jabodetabek,> Rp20M,Rp15–20M,Yes,2–3,"Kuliah / pendidikan, Pekerjaan / business trip","Harga tiket, Jadwal penerbangan, Promo","Traveloka, Website maskapai, Aplikasi maskapai","Selisih harga terlalu besar, Benefit premium tidak terlalu saya butuhkan, Maskapai lebih murah sudah cukup nyaman",Depends on benefit & trip,"Bagasi lebih besar, Reschedule lebih fleksibel, Ketepatan waktu lebih baik, Loyalty rewards, Pengalaman yang lebih personal",4,5,4,4,4,4,4,4,4,4,4,4,4,4,4,4,4.0,Singapore Airlines,"Keamanan dan reputasi, Pelayanan, Bagasi",,,25.0,17.5,High (> Rp6M),2.5,Regular (2–3),,Conditional,Foreign full-service,False,False,4.333333333333333,4.0,4.0,4.0,4.0,Considers foreign FSC,0,Affluent Jet-Setters
2026-09-11 19:47:52,21–23,University student,Jabodetabek,Rp2–4M,Rp4–6M,Yes,2–3,"Liburan / leisure, Kuliah / pendidikan","Harga tiket, Jadwal penerbangan, Bagasi","Traveloka, Trip.com","Tidak memahami manfaat tambahannya, Benefit premium tidak terlalu saya butuhkan, Maskapai lebih murah sudah cukup nyaman",Depends on benefit & trip,"Bagasi lebih besar, Reschedule lebih fleksibel, Ketepatan waktu lebih baik, Wi-Fi selama penerbangan, Bantuan saat boarding/bagasi",4,2,5,5,5,5,4,4,4,4,5,5,5,5,5,5,5.0,Singapore Airlines,"Ketepatan waktu, Tidak ada / tetap memilih yang lebih murah",Gampang reschedule dan gampang refund,,3.0,5.0,Mid (Rp2–6M),2.5,Regular (2–3),,Conditional,Foreign full-service,False,False,3.6666666666666665,4.75,4.25,5.0,5.0,Considers foreign FSC,2,Experience Enthusiasts
2026-09-11 19:58:37,18–20,University student,Bandung,< Rp2M,< Rp2M,No,0,"Liburan / leisure, Pekerjaan / business trip","Harga tiket, Jadwal penerbangan, Reputasi maskapai, Promo","Traveloka, Tiket.com, Website maskapai","Selisih harga terlalu besar, Benefit premium tidak terlalu saya butuhkan, Maskapai lebih murah sudah cukup nyaman",Up to 5% more,"Bagasi lebih besar, Kursi lebih nyaman, Pelayanan cabin crew yang lebih baik, Wi-Fi selama penerbangan, Entertainment yang lebih lengkap",4,4,4,4,4,4,4,4,4,4,4,4,4,4,4,4,4.0,Garuda Indonesia,"Ketepatan waktu, Pelayanan, Kenyamanan, Makanan/minuman, Wi-Fi/entertainment",,,1.0,1.0,Low (< Rp2M),0.0,Non-flyer (0),5.0,Up to 5%,Garuda Indonesia,True,True,4.0,4.0,4.0,4.0,4.0,Considers Garuda,1,Pragmatic Budget Flyers
2026-09-12 10:30:18,27–30,First-jobber (<3 yrs),Jabodetabek,Rp6–10M,Rp6–10M,Yes,2–3,"Liburan / leisure, Kuliah / pendidikan, Pekerjaan / business trip","Keamanan, Kenyamanan kursi/kabin, Bagasi","Traveloka, Tiket.com, Google / Google Flights","Benefit premium tidak terlalu saya butuhkan, Promo maskapai lain lebih menarik, Tidak ada perbedaan pengalaman yang terasa",6–10% more,"Makanan/minuman berkualitas, Wi-Fi selama penerbangan, Bantuan saat boarding/bagasi, Loyalty rewards, Benefit partner di destinasi",5,5,5,5,5,5,5,5,5,5,5,5,5,5,5,5,5.0,Citilink,"Keamanan dan reputasi, Pelayanan, Fleksibilitas, Kenyamanan, Makanan/minuman, Wi-Fi/entertainment, Loyalty/rewards, Digital experience",,,8.0,8.0,High (> Rp6M),2.5,Regular (2–3),10.0,6–15%,Domestic LCC / hybrid,False,True,5.0,5.0,5.0,5.0,5.0,Considers LCC / hybrid,2,Experience Enthusiasts
